Workbook

Sheet 대시보드
B1: 체험단 정산 리포트
B2: 조회 연도 | C2: 2026 | D2: ◀ 클릭해서 연도 선택
B4: 연간 수익 | D4: =C2&"년 누적" -> 2026년 누적 | F4: 월간 수익 · 건수
B5: =D10 -> 115000 | F5: 월 | G5: 건수 | H5: 수익
F6: 1월 | G6: =COUNTIFS('완료 체험단'!$D$4:$D$2000,">="&DATE($C$2,ROWS(F$6:F6),1),'완료 체험단'!$D$4:$D$2000,"<"&DATE($C$2,ROWS(F$6:F6)+1,1)) -> 0 | H6: =SUMIFS('완료 체험단'!$H$4:$H$2000,'완료 체험단'!$D$4:$D$2000,">="&DATE($C$2,ROWS(F$6:F6),1),'완료 체험단'!$D$4:$D$2000,"<"&DATE($C$2,ROWS(F$6:F6)+1,1)) -> 0
B7: 구분 | C7: 건수 | D7: 금액 | F7: 2월 | G7: =COUNTIFS('완료 체험단'!$D$4:$D$2000,">="&DATE($C$2,ROWS(F$6:F7),1),'완료 체험단'!$D$4:$D$2000,"<"&DATE($C$2,ROWS(F$6:F7)+1,1)) -> 0 | H7: =SUMIFS('완료 체험단'!$H$4:$H$2000,'완료 체험단'!$D$4:$D$2000,">="&DATE($C$2,ROWS(F$6:F7),1),'완료 체험단'!$D$4:$D$2000,"<"&DATE($C$2,ROWS(F$6:F7)+1,1)) -> 0
B8: 정산 완료 | C8: =COUNTIFS('완료 체험단'!$D$4:$D$2000,">="&DATE($C$2,1,1),'완료 체험단'!$D$4:$D$2000,"<"&DATE($C$2+1,1,1),'완료 체험단'!$I$4:$I$2000,"정산완료") -> 2 | D8: =SUMIFS('완료 체험단'!$H$4:$H$2000,'완료 체험단'!$D$4:$D$2000,">="&DATE($C$2,1,1),'완료 체험단'!$D$4:$D$2000,"<"&DATE($C$2+1,1,1),'완료 체험단'!$I$4:$I$2000,"정산완료") -> 115000 | F8: 3월 | G8: =COUNTIFS('완료 체험단'!$D$4:$D$2000,">="&DATE($C$2,ROWS(F$6:F8),1),'완료 체험단'!$D$4:$D$2000,"<"&DATE($C$2,ROWS(F$6:F8)+1,1)) -> 0 | H8: =SUMIFS('완료 체험단'!$H$4:$H$2000,'완료 체험단'!$D$4:$D$2000,">="&DATE($C$2,ROWS(F$6:F8),1),'완료 체험단'!$D$4:$D$2000,"<"&DATE($C$2,ROWS(F$6:F8)+1,1)) -> 0
B9: 정산 예정 | C9: =C10-C8 -> 0 | D9: =D10-D8 -> 0 | F9: 4월 | G9: =COUNTIFS('완료 체험단'!$D$4:$D$2000,">="&DATE($C$2,ROWS(F$6:F9),1),'완료 체험단'!$D$4:$D$2000,"<"&DATE($C$2,ROWS(F$6:F9)+1,1)) -> 0 | H9: =SUMIFS('완료 체험단'!$H$4:$H$2000,'완료 체험단'!$D$4:$D$2000,">="&DATE($C$2,ROWS(F$6:F9),1),'완료 체험단'!$D$4:$D$2000,"<"&DATE($C$2,ROWS(F$6:F9)+1,1)) -> 0
B10: 합계 | C10: =COUNTIFS('완료 체험단'!$D$4:$D$2000,">="&DATE($C$2,1,1),'완료 체험단'!$D$4:$D$2000,"<"&DATE($C$2+1,1,1)) -> 2 | D10: =SUMIFS('완료 체험단'!$H$4:$H$2000,'완료 체험단'!$D$4:$D$2000,">="&DATE($C$2,1,1),'완료 체험단'!$D$4:$D$2000,"<"&DATE($C$2+1,1,1)) -> 115000 | F10: 5월 | G10: =COUNTIFS('완료 체험단'!$D$4:$D$2000,">="&DATE($C$2,ROWS(F$6:F10),1),'완료 체험단'!$D$4:$D$2000,"<"&DATE($C$2,ROWS(F$6:F10)+1,1)) -> 0 | H10: =SUMIFS('완료 체험단'!$H$4:$H$2000,'완료 체험단'!$D$4:$D$2000,">="&DATE($C$2,ROWS(F$6:F10),1),'완료 체험단'!$D$4:$D$2000,"<"&DATE($C$2,ROWS(F$6:F10)+1,1)) -> 0
B11: 전년 대비 | C11: =IF(SUMIFS('완료 체험단'!$H$4:$H$2000,'완료 체험단'!$D$4:$D$2000,">="&DATE($C$2-1,1,1),'완료 체험단'!$D$4:$D$2000,"<"&DATE($C$2,1,1))=0,"비교 데이터 없음",(D10-SUMIFS('완료 체험단'!$H$4:$H$2000,'완료 체험단'!$D$4:$D$2000,">="&DATE($C$2-1,1,1),'완료 체험단'!$D$4:$D$2000,"<"&DATE($C$2,1,1)))/SUMIFS('완료 체험단'!$H$4:$H$2000,'완료 체험단'!$D$4:$D$2000,">="&DATE($C$2-1,1,1),'완료 체험단'!$D$4:$D$2000,"<"&DATE($C$2,1,1))) -> 비교 데이터 없음 | F11: 6월 | G11: =COUNTIFS('완료 체험단'!$D$4:$D$2000,">="&DATE($C$2,ROWS(F$6:F11),1),'완료 체험단'!$D$4:$D$2000,"<"&DATE($C$2,ROWS(F$6:F11)+1,1)) -> 0 | H11: =SUMIFS('완료 체험단'!$H$4:$H$2000,'완료 체험단'!$D$4:$D$2000,">="&DATE($C$2,ROWS(F$6:F11),1),'완료 체험단'!$D$4:$D$2000,"<"&DATE($C$2,ROWS(F$6:F11)+1,1)) -> 0
B12: 건당 평균 수익 | C12: =IF(C10=0,"-",D10/C10) -> 57500 | F12: 7월 | G12: =COUNTIFS('완료 체험단'!$D$4:$D$2000,">="&DATE($C$2,ROWS(F$6:F12),1),'완료 체험단'!$D$4:$D$2000,"<"&DATE($C$2,ROWS(F$6:F12)+1,1)) -> 0 | H12: =SUMIFS('완료 체험단'!$H$4:$H$2000,'완료 체험단'!$D$4:$D$2000,">="&DATE($C$2,ROWS(F$6:F12),1),'완료 체험단'!$D$4:$D$2000,"<"&DATE($C$2,ROWS(F$6:F12)+1,1)) -> 0
F13: 8월 | G13: =COUNTIFS('완료 체험단'!$D$4:$D$2000,">="&DATE($C$2,ROWS(F$6:F13),1),'완료 체험단'!$D$4:$D$2000,"<"&DATE($C$2,ROWS(F$6:F13)+1,1)) -> 0 | H13: =SUMIFS('완료 체험단'!$H$4:$H$2000,'완료 체험단'!$D$4:$D$2000,">="&DATE($C$2,ROWS(F$6:F13),1),'완료 체험단'!$D$4:$D$2000,"<"&DATE($C$2,ROWS(F$6:F13)+1,1)) -> 0
F14: 9월 | G14: =COUNTIFS('완료 체험단'!$D$4:$D$2000,">="&DATE($C$2,ROWS(F$6:F14),1),'완료 체험단'!$D$4:$D$2000,"<"&DATE($C$2,ROWS(F$6:F14)+1,1)) -> 0 | H14: =SUMIFS('완료 체험단'!$H$4:$H$2000,'완료 체험단'!$D$4:$D$2000,">="&DATE($C$2,ROWS(F$6:F14),1),'완료 체험단'!$D$4:$D$2000,"<"&DATE($C$2,ROWS(F$6:F14)+1,1)) -> 0
F15: 10월 | G15: =COUNTIFS('완료 체험단'!$D$4:$D$2000,">="&DATE($C$2,ROWS(F$6:F15),1),'완료 체험단'!$D$4:$D$2000,"<"&DATE($C$2,ROWS(F$6:F15)+1,1)) -> 2 | H15: =SUMIFS('완료 체험단'!$H$4:$H$2000,'완료 체험단'!$D$4:$D$2000,">="&DATE($C$2,ROWS(F$6:F15),1),'완료 체험단'!$D$4:$D$2000,"<"&DATE($C$2,ROWS(F$6:F15)+1,1)) -> 115000
F16: 11월 | G16: =COUNTIFS('완료 체험단'!$D$4:$D$2000,">="&DATE($C$2,ROWS(F$6:F16),1),'완료 체험단'!$D$4:$D$2000,"<"&DATE($C$2,ROWS(F$6:F16)+1,1)) -> 0 | H16: =SUMIFS('완료 체험단'!$H$4:$H$2000,'완료 체험단'!$D$4:$D$2000,">="&DATE($C$2,ROWS(F$6:F16),1),'완료 체험단'!$D$4:$D$2000,"<"&DATE($C$2,ROWS(F$6:F16)+1,1)) -> 0
F17: 12월 | G17: =COUNTIFS('완료 체험단'!$D$4:$D$2000,">="&DATE($C$2,ROWS(F$6:F17),1),'완료 체험단'!$D$4:$D$2000,"<"&DATE($C$2,ROWS(F$6:F17)+1,1)) -> 0 | H17: =SUMIFS('완료 체험단'!$H$4:$H$2000,'완료 체험단'!$D$4:$D$2000,">="&DATE($C$2,ROWS(F$6:F17),1),'완료 체험단'!$D$4:$D$2000,"<"&DATE($C$2,ROWS(F$6:F17)+1,1)) -> 0
F18: 합계 | G18: =SUM(G6:G17) -> 2 | H18: =SUM(H6:H17) -> 115000
B35: 월별 하이라이트 | F35: 사이트(플랫폼) 분석 | H35: =C2&"년 건수·실수익" -> 2026년 건수·실수익
B36: 최고 수익 달 | C36: =IF(MAX(H6:H17)=0,"-",INDEX(F6:F17,MATCH(MAX(H6:H17),H6:H17,0))) -> 10월 | D36: =MAX(H6:H17) -> 115000 | F36: 사이트 | G36: 건수 | H36: 실수익
B37: 최고 건수 달 | C37: =IF(MAX(G6:G17)=0,"-",INDEX(F6:F17,MATCH(MAX(G6:G17),G6:G17,0))) -> 10월 | D37: =MAX(G6:G17) -> 2 | F37: {=IFERROR(INDEX('완료 체험단'!$C$4:$C$2000,MATCH(0,COUNTIF($F$36:F36,'완료 체험단'!$C$4:$C$2000)+('완료 체험단'!$K$4:$K$2000=""),0)),"")} -> 레뷰 | G37: =IF(F37="","",COUNTIFS('완료 체험단'!$C$4:$C$2000,$F37,'완료 체험단'!$D$4:$D$2000,">="&DATE($C$2,1,1),'완료 체험단'!$D$4:$D$2000,"<"&DATE($C$2+1,1,1))) -> 1 | H37: =IF(F37="","",SUMIFS('완료 체험단'!$H$4:$H$2000,'완료 체험단'!$C$4:$C$2000,$F37,'완료 체험단'!$D$4:$D$2000,">="&DATE($C$2,1,1),'완료 체험단'!$D$4:$D$2000,"<"&DATE($C$2+1,1,1))) -> 90000
B38: 이번 달 수익 | C38: =IF($C$2=YEAR(TODAY()),MONTH(TODAY())&"월","-") -> 10월 | D38: =IF($C$2=YEAR(TODAY()),INDEX(H6:H17,MONTH(TODAY())),"-") -> 115000 | F38: {=IFERROR(INDEX('완료 체험단'!$C$4:$C$2000,MATCH(0,COUNTIF($F$36:F37,'완료 체험단'!$C$4:$C$2000)+('완료 체험단'!$K$4:$K$2000=""),0)),"")} -> 리뷰노트 | G38: =IF(F38="","",COUNTIFS('완료 체험단'!$C$4:$C$2000,$F38,'완료 체험단'!$D$4:$D$2000,">="&DATE($C$2,1,1),'완료 체험단'!$D$4:$D$2000,"<"&DATE($C$2+1,1,1))) -> 1 | H38: =IF(F38="","",SUMIFS('완료 체험단'!$H$4:$H$2000,'완료 체험단'!$C$4:$C$2000,$F38,'완료 체험단'!$D$4:$D$2000,">="&DATE($C$2,1,1),'완료 체험단'!$D$4:$D$2000,"<"&DATE($C$2+1,1,1))) -> 25000
B39: 이번 달 건수 | C39: =C38 -> 10월 | D39: =IF($C$2=YEAR(TODAY()),INDEX(G6:G17,MONTH(TODAY())),"-") -> 2 | F39: {=IFERROR(INDEX('완료 체험단'!$C$4:$C$2000,MATCH(0,COUNTIF($F$36:F38,'완료 체험단'!$C$4:$C$2000)+('완료 체험단'!$K$4:$K$2000=""),0)),"")} | G39: =IF(F39="","",COUNTIFS('완료 체험단'!$C$4:$C$2000,$F39,'완료 체험단'!$D$4:$D$2000,">="&DATE($C$2,1,1),'완료 체험단'!$D$4:$D$2000,"<"&DATE($C$2+1,1,1))) | H39: =IF(F39="","",SUMIFS('완료 체험단'!$H$4:$H$2000,'완료 체험단'!$C$4:$C$2000,$F39,'완료 체험단'!$D$4:$D$2000,">="&DATE($C$2,1,1),'완료 체험단'!$D$4:$D$2000,"<"&DATE($C$2+1,1,1)))
F40: {=IFERROR(INDEX('완료 체험단'!$C$4:$C$2000,MATCH(0,COUNTIF($F$36:F39,'완료 체험단'!$C$4:$C$2000)+('완료 체험단'!$K$4:$K$2000=""),0)),"")} | G40: =IF(F40="","",COUNTIFS('완료 체험단'!$C$4:$C$2000,$F40,'완료 체험단'!$D$4:$D$2000,">="&DATE($C$2,1,1),'완료 체험단'!$D$4:$D$2000,"<"&DATE($C$2+1,1,1))) | H40: =IF(F40="","",SUMIFS('완료 체험단'!$H$4:$H$2000,'완료 체험단'!$C$4:$C$2000,$F40,'완료 체험단'!$D$4:$D$2000,">="&DATE($C$2,1,1),'완료 체험단'!$D$4:$D$2000,"<"&DATE($C$2+1,1,1)))
B41: 계산 기준 | F41: {=IFERROR(INDEX('완료 체험단'!$C$4:$C$2000,MATCH(0,COUNTIF($F$36:F40,'완료 체험단'!$C$4:$C$2000)+('완료 체험단'!$K$4:$K$2000=""),0)),"")} | G41: =IF(F41="","",COUNTIFS('완료 체험단'!$C$4:$C$2000,$F41,'완료 체험단'!$D$4:$D$2000,">="&DATE($C$2,1,1),'완료 체험단'!$D$4:$D$2000,"<"&DATE($C$2+1,1,1))) | H41: =IF(F41="","",SUMIFS('완료 체험단'!$H$4:$H$2000,'완료 체험단'!$C$4:$C$2000,$F41,'완료 체험단'!$D$4:$D$2000,">="&DATE($C$2,1,1),'완료 체험단'!$D$4:$D$2000,"<"&DATE($C$2+1,1,1)))
B42: · 월 구분은 '방문일' 기준 | F42: {=IFERROR(INDEX('완료 체험단'!$C$4:$C$2000,MATCH(0,COUNTIF($F$36:F41,'완료 체험단'!$C$4:$C$2000)+('완료 체험단'!$K$4:$K$2000=""),0)),"")} | G42: =IF(F42="","",COUNTIFS('완료 체험단'!$C$4:$C$2000,$F42,'완료 체험단'!$D$4:$D$2000,">="&DATE($C$2,1,1),'완료 체험단'!$D$4:$D$2000,"<"&DATE($C$2+1,1,1))) | H42: =IF(F42="","",SUMIFS('완료 체험단'!$H$4:$H$2000,'완료 체험단'!$C$4:$C$2000,$F42,'완료 체험단'!$D$4:$D$2000,">="&DATE($C$2,1,1),'완료 체험단'!$D$4:$D$2000,"<"&DATE($C$2+1,1,1)))
B43: · 정산 완료 = 비고가 '정산완료'인 건 | F43: {=IFERROR(INDEX('완료 체험단'!$C$4:$C$2000,MATCH(0,COUNTIF($F$36:F42,'완료 체험단'!$C$4:$C$2000)+('완료 체험단'!$K$4:$K$2000=""),0)),"")} | G43: =IF(F43="","",COUNTIFS('완료 체험단'!$C$4:$C$2000,$F43,'완료 체험단'!$D$4:$D$2000,">="&DATE($C$2,1,1),'완료 체험단'!$D$4:$D$2000,"<"&DATE($C$2+1,1,1))) | H43: =IF(F43="","",SUMIFS('완료 체험단'!$H$4:$H$2000,'완료 체험단'!$C$4:$C$2000,$F43,'완료 체험단'!$D$4:$D$2000,">="&DATE($C$2,1,1),'완료 체험단'!$D$4:$D$2000,"<"&DATE($C$2+1,1,1)))
B44: · 실수익 = 제공금액 − 결제금액 | F44: {=IFERROR(INDEX('완료 체험단'!$C$4:$C$2000,MATCH(0,COUNTIF($F$36:F43,'완료 체험단'!$C$4:$C$2000)+('완료 체험단'!$K$4:$K$2000=""),0)),"")} | G44: =IF(F44="","",COUNTIFS('완료 체험단'!$C$4:$C$2000,$F44,'완료 체험단'!$D$4:$D$2000,">="&DATE($C$2,1,1),'완료 체험단'!$D$4:$D$2000,"<"&DATE($C$2+1,1,1))) | H44: =IF(F44="","",SUMIFS('완료 체험단'!$H$4:$H$2000,'완료 체험단'!$C$4:$C$2000,$F44,'완료 체험단'!$D$4:$D$2000,">="&DATE($C$2,1,1),'완료 체험단'!$D$4:$D$2000,"<"&DATE($C$2+1,1,1)))
B45: · 정산 리포트는 '완료 체험단' 시트 기준
B46: · 사이트 분석은 해당 연도 기준, 최대 8개

Sheet 수익 세부내역
B1: 수익 세부내역
B2: 조회 연도 | C2: =대시보드!C2 -> 2026 | D2: ※ 연도는 대시보드에서 변경합니다. 월별 요약 아래에 건별 내역(방문일 순)과 합계가 표시됩니다.
P4: 월 | Q4: 건수 | R4: 블록행수 | S4: 시작오프셋 | T4: 앞선건수 | U4: 제공합 | V4: 결제합 | W4: 실수익합
B5: =IF($M5="H",$J5&"월",IF($M5="C","매장명",IF($M5="I",INDEX('완료 체험단'!$A$4:$A$2000,$N5),IF($M5="T","합계","")))) -> 1월 | C5: =IF($M5="H",$L5&"건",IF($M5="C","사이트",IF($M5="I",INDEX('완료 체험단'!$C$4:$C$2000,$N5),IF($M5="T",$L5&"건","")))) -> 0건 | D5: =IF($M5="C","방문일",IF($M5="I",INDEX('완료 체험단'!$D$4:$D$2000,$N5),"")) | E5: =IF($M5="H","제공금액 "&TEXT(INDEX($U$5:$U$16,$J5),"#,##0")&"원",IF($M5="C","제공금액",IF($M5="I",INDEX('완료 체험단'!$F$4:$F$2000,$N5),IF($M5="T",INDEX($U$5:$U$16,$J5),"")))) -> 제공금액 0원 | F5: =IF($M5="H","결제금액 "&TEXT(INDEX($V$5:$V$16,$J5),"#,##0")&"원",IF($M5="C","결제금액",IF($M5="I",INDEX('완료 체험단'!$G$4:$G$2000,$N5),IF($M5="T",INDEX($V$5:$V$16,$J5),"")))) -> 결제금액 0원 | G5: =IF($M5="H","실수익 "&TEXT(INDEX($W$5:$W$16,$J5),"#,##0")&"원",IF($M5="C","실수익",IF($M5="I",INDEX('완료 체험단'!$H$4:$H$2000,$N5),IF($M5="T",INDEX($W$5:$W$16,$J5),"")))) -> 실수익 0원 | I5: =ROWS(I$5:I5) -> 1 | J5: =IF($I5>$S$17,"",MATCH($I5-1,$S$5:$S$16,1)) -> 1 | K5: =IF($J5="","",$I5-INDEX($S$5:$S$16,$J5)) -> 1 | L5: =IF($J5="","",INDEX($Q$5:$Q$16,$J5)) -> 0 | M5: =IF($J5="","",IF($K5=1,"H",IF($L5=0,"S",IF($K5=2,"C",IF($K5<=$L5+2,"I",IF($K5=$L5+3,"T","S")))))) -> H | N5: =IF($M5="I",MATCH(SMALL('완료 체험단'!$K$4:$K$2000,INDEX($T$5:$T$16,$J5)+$K5-2),'완료 체험단'!$K$4:$K$2000,0),"") | P5: 1 | Q5: =COUNTIFS('완료 체험단'!$D$4:$D$2000,">="&DATE($C$2,P5,1),'완료 체험단'!$D$4:$D$2000,"<"&DATE($C$2,P5+1,1)) -> 0 | R5: =IF(Q5=0,1,Q5+4) -> 1 | S5: 0 | T5: 0 | U5: =SUMIFS('완료 체험단'!$F$4:$F$2000,'완료 체험단'!$D$4:$D$2000,">="&DATE($C$2,P5,1),'완료 체험단'!$D$4:$D$2000,"<"&DATE($C$2,P5+1,1)) -> 0 | V5: =SUMIFS('완료 체험단'!$G$4:$G$2000,'완료 체험단'!$D$4:$D$2000,">="&DATE($C$2,P5,1),'완료 체험단'!$D$4:$D$2000,"<"&DATE($C$2,P5+1,1)) -> 0 | W5: =SUMIFS('완료 체험단'!$H$4:$H$2000,'완료 체험단'!$D$4:$D$2000,">="&DATE($C$2,P5,1),'완료 체험단'!$D$4:$D$2000,"<"&DATE($C$2,P5+1,1)) -> 0
B6: =IF($M6="H",$J6&"월",IF($M6="C","매장명",IF($M6="I",INDEX('완료 체험단'!$A$4:$A$2000,$N6),IF($M6="T","합계","")))) -> 2월 | C6: =IF($M6="H",$L6&"건",IF($M6="C","사이트",IF($M6="I",INDEX('완료 체험단'!$C$4:$C$2000,$N6),IF($M6="T",$L6&"건","")))) -> 0건 | D6: =IF($M6="C","방문일",IF($M6="I",INDEX('완료 체험단'!$D$4:$D$2000,$N6),"")) | E6: =IF($M6="H","제공금액 "&TEXT(INDEX($U$5:$U$16,$J6),"#,##0")&"원",IF($M6="C","제공금액",IF($M6="I",INDEX('완료 체험단'!$F$4:$F$2000,$N6),IF($M6="T",INDEX($U$5:$U$16,$J6),"")))) -> 제공금액 0원 | F6: =IF($M6="H","결제금액 "&TEXT(INDEX($V$5:$V$16,$J6),"#,##0")&"원",IF($M6="C","결제금액",IF($M6="I",INDEX('완료 체험단'!$G$4:$G$2000,$N6),IF($M6="T",INDEX($V$5:$V$16,$J6),"")))) -> 결제금액 0원 | G6: =IF($M6="H","실수익 "&TEXT(INDEX($W$5:$W$16,$J6),"#,##0")&"원",IF($M6="C","실수익",IF($M6="I",INDEX('완료 체험단'!$H$4:$H$2000,$N6),IF($M6="T",INDEX($W$5:$W$16,$J6),"")))) -> 실수익 0원 | I6: =ROWS(I$5:I6) -> 2 | J6: =IF($I6>$S$17,"",MATCH($I6-1,$S$5:$S$16,1)) -> 2 | K6: =IF($J6="","",$I6-INDEX($S$5:$S$16,$J6)) -> 1 | L6: =IF($J6="","",INDEX($Q$5:$Q$16,$J6)) -> 0 | M6: =IF($J6="","",IF($K6=1,"H",IF($L6=0,"S",IF($K6=2,"C",IF($K6<=$L6+2,"I",IF($K6=$L6+3,"T","S")))))) -> H | N6: =IF($M6="I",MATCH(SMALL('완료 체험단'!$K$4:$K$2000,INDEX($T$5:$T$16,$J6)+$K6-2),'완료 체험단'!$K$4:$K$2000,0),"") | P6: 2 | Q6: =COUNTIFS('완료 체험단'!$D$4:$D$2000,">="&DATE($C$2,P6,1),'완료 체험단'!$D$4:$D$2000,"<"&DATE($C$2,P6+1,1)) -> 0 | R6: =IF(Q6=0,1,Q6+4) -> 1 | S6: =S5+R5 -> 1 | T6: =T5+Q5 -> 0 | U6: =SUMIFS('완료 체험단'!$F$4:$F$2000,'완료 체험단'!$D$4:$D$2000,">="&DATE($C$2,P6,1),'완료 체험단'!$D$4:$D$2000,"<"&DATE($C$2,P6+1,1)) -> 0 | V6: =SUMIFS('완료 체험단'!$G$4:$G$2000,'완료 체험단'!$D$4:$D$2000,">="&DATE($C$2,P6,1),'완료 체험단'!$D$4:$D$2000,"<"&DATE($C$2,P6+1,1)) -> 0 | W6: =SUMIFS('완료 체험단'!$H$4:$H$2000,'완료 체험단'!$D$4:$D$2000,">="&DATE($C$2,P6,1),'완료 체험단'!$D$4:$D$2000,"<"&DATE($C$2,P6+1,1)) -> 0
B7: =IF($M7="H",$J7&"월",IF($M7="C","매장명",IF($M7="I",INDEX('완료 체험단'!$A$4:$A$2000,$N7),IF($M7="T","합계","")))) -> 3월 | C7: =IF($M7="H",$L7&"건",IF($M7="C","사이트",IF($M7="I",INDEX('완료 체험단'!$C$4:$C$2000,$N7),IF($M7="T",$L7&"건","")))) -> 0건 | D7: =IF($M7="C","방문일",IF($M7="I",INDEX('완료 체험단'!$D$4:$D$2000,$N7),"")) | E7: =IF($M7="H","제공금액 "&TEXT(INDEX($U$5:$U$16,$J7),"#,##0")&"원",IF($M7="C","제공금액",IF($M7="I",INDEX('완료 체험단'!$F$4:$F$2000,$N7),IF($M7="T",INDEX($U$5:$U$16,$J7),"")))) -> 제공금액 0원 | F7: =IF($M7="H","결제금액 "&TEXT(INDEX($V$5:$V$16,$J7),"#,##0")&"원",IF($M7="C","결제금액",IF($M7="I",INDEX('완료 체험단'!$G$4:$G$2000,$N7),IF($M7="T",INDEX($V$5:$V$16,$J7),"")))) -> 결제금액 0원 | G7: =IF($M7="H","실수익 "&TEXT(INDEX($W$5:$W$16,$J7),"#,##0")&"원",IF($M7="C","실수익",IF($M7="I",INDEX('완료 체험단'!$H$4:$H$2000,$N7),IF($M7="T",INDEX($W$5:$W$16,$J7),"")))) -> 실수익 0원 | I7: =ROWS(I$5:I7) -> 3 | J7: =IF($I7>$S$17,"",MATCH($I7-1,$S$5:$S$16,1)) -> 3 | K7: =IF($J7="","",$I7-INDEX($S$5:$S$16,$J7)) -> 1 | L7: =IF($J7="","",INDEX($Q$5:$Q$16,$J7)) -> 0 | M7: =IF($J7="","",IF($K7=1,"H",IF($L7=0,"S",IF($K7=2,"C",IF($K7<=$L7+2,"I",IF($K7=$L7+3,"T","S")))))) -> H | N7: =IF($M7="I",MATCH(SMALL('완료 체험단'!$K$4:$K$2000,INDEX($T$5:$T$16,$J7)+$K7-2),'완료 체험단'!$K$4:$K$2000,0),"") | P7: 3 | Q7: =COUNTIFS('완료 체험단'!$D$4:$D$2000,">="&DATE($C$2,P7,1),'완료 체험단'!$D$4:$D$2000,"<"&DATE($C$2,P7+1,1)) -> 0 | R7: =IF(Q7=0,1,Q7+4) -> 1 | S7: =S6+R6 -> 2 | T7: =T6+Q6 -> 0 | U7: =SUMIFS('완료 체험단'!$F$4:$F$2000,'완료 체험단'!$D$4:$D$2000,">="&DATE($C$2,P7,1),'완료 체험단'!$D$4:$D$2000,"<"&DATE($C$2,P7+1,1)) -> 0 | V7: =SUMIFS('완료 체험단'!$G$4:$G$2000,'완료 체험단'!$D$4:$D$2000,">="&DATE($C$2,P7,1),'완료 체험단'!$D$4:$D$2000,"<"&DATE($C$2,P7+1,1)) -> 0 | W7: =SUMIFS('완료 체험단'!$H$4:$H$2000,'완료 체험단'!$D$4:$D$2000,">="&DATE($C$2,P7,1),'완료 체험단'!$D$4:$D$2000,"<"&DATE($C$2,P7+1,1)) -> 0
B8: =IF($M8="H",$J8&"월",IF($M8="C","매장명",IF($M8="I",INDEX('완료 체험단'!$A$4:$A$2000,$N8),IF($M8="T","합계","")))) -> 4월 | C8: =IF($M8="H",$L8&"건",IF($M8="C","사이트",IF($M8="I",INDEX('완료 체험단'!$C$4:$C$2000,$N8),IF($M8="T",$L8&"건","")))) -> 0건 | D8: =IF($M8="C","방문일",IF($M8="I",INDEX('완료 체험단'!$D$4:$D$2000,$N8),"")) | E8: =IF($M8="H","제공금액 "&TEXT(INDEX($U$5:$U$16,$J8),"#,##0")&"원",IF($M8="C","제공금액",IF($M8="I",INDEX('완료 체험단'!$F$4:$F$2000,$N8),IF($M8="T",INDEX($U$5:$U$16,$J8),"")))) -> 제공금액 0원 | F8: =IF($M8="H","결제금액 "&TEXT(INDEX($V$5:$V$16,$J8),"#,##0")&"원",IF($M8="C","결제금액",IF($M8="I",INDEX('완료 체험단'!$G$4:$G$2000,$N8),IF($M8="T",INDEX($V$5:$V$16,$J8),"")))) -> 결제금액 0원 | G8: =IF($M8="H","실수익 "&TEXT(INDEX($W$5:$W$16,$J8),"#,##0")&"원",IF($M8="C","실수익",IF($M8="I",INDEX('완료 체험단'!$H$4:$H$2000,$N8),IF($M8="T",INDEX($W$5:$W$16,$J8),"")))) -> 실수익 0원 | I8: =ROWS(I$5:I8) -> 4 | J8: =IF($I8>$S$17,"",MATCH($I8-1,$S$5:$S$16,1)) -> 4 | K8: =IF($J8="","",$I8-INDEX($S$5:$S$16,$J8)) -> 1 | L8: =IF($J8="","",INDEX($Q$5:$Q$16,$J8)) -> 0 | M8: =IF($J8="","",IF($K8=1,"H",IF($L8=0,"S",IF($K8=2,"C",IF($K8<=$L8+2,"I",IF($K8=$L8+3,"T","S")))))) -> H | N8: =IF($M8="I",MATCH(SMALL('완료 체험단'!$K$4:$K$2000,INDEX($T$5:$T$16,$J8)+$K8-2),'완료 체험단'!$K$4:$K$2000,0),"") | P8: 4 | Q8: =COUNTIFS('완료 체험단'!$D$4:$D$2000,">="&DATE($C$2,P8,1),'완료 체험단'!$D$4:$D$2000,"<"&DATE($C$2,P8+1,1)) -> 0 | R8: =IF(Q8=0,1,Q8+4) -> 1 | S8: =S7+R7 -> 3 | T8: =T7+Q7 -> 0 | U8: =SUMIFS('완료 체험단'!$F$4:$F$2000,'완료 체험단'!$D$4:$D$2000,">="&DATE($C$2,P8,1),'완료 체험단'!$D$4:$D$2000,"<"&DATE($C$2,P8+1,1)) -> 0 | V8: =SUMIFS('완료 체험단'!$G$4:$G$2000,'완료 체험단'!$D$4:$D$2000,">="&DATE($C$2,P8,1),'완료 체험단'!$D$4:$D$2000,"<"&DATE($C$2,P8+1,1)) -> 0 | W8: =SUMIFS('완료 체험단'!$H$4:$H$2000,'완료 체험단'!$D$4:$D$2000,">="&DATE($C$2,P8,1),'완료 체험단'!$D$4:$D$2000,"<"&DATE($C$2,P8+1,1)) -> 0
B9: =IF($M9="H",$J9&"월",IF($M9="C","매장명",IF($M9="I",INDEX('완료 체험단'!$A$4:$A$2000,$N9),IF($M9="T","합계","")))) -> 5월 | C9: =IF($M9="H",$L9&"건",IF($M9="C","사이트",IF($M9="I",INDEX('완료 체험단'!$C$4:$C$2000,$N9),IF($M9="T",$L9&"건","")))) -> 0건 | D9: =IF($M9="C","방문일",IF($M9="I",INDEX('완료 체험단'!$D$4:$D$2000,$N9),"")) | E9: =IF($M9="H","제공금액 "&TEXT(INDEX($U$5:$U$16,$J9),"#,##0")&"원",IF($M9="C","제공금액",IF($M9="I",INDEX('완료 체험단'!$F$4:$F$2000,$N9),IF($M9="T",INDEX($U$5:$U$16,$J9),"")))) -> 제공금액 0원 | F9: =IF($M9="H","결제금액 "&TEXT(INDEX($V$5:$V$16,$J9),"#,##0")&"원",IF($M9="C","결제금액",IF($M9="I",INDEX('완료 체험단'!$G$4:$G$2000,$N9),IF($M9="T",INDEX($V$5:$V$16,$J9),"")))) -> 결제금액 0원 | G9: =IF($M9="H","실수익 "&TEXT(INDEX($W$5:$W$16,$J9),"#,##0")&"원",IF($M9="C","실수익",IF($M9="I",INDEX('완료 체험단'!$H$4:$H$2000,$N9),IF($M9="T",INDEX($W$5:$W$16,$J9),"")))) -> 실수익 0원 | I9: =ROWS(I$5:I9) -> 5 | J9: =IF($I9>$S$17,"",MATCH($I9-1,$S$5:$S$16,1)) -> 5 | K9: =IF($J9="","",$I9-INDEX($S$5:$S$16,$J9)) -> 1 | L9: =IF($J9="","",INDEX($Q$5:$Q$16,$J9)) -> 0 | M9: =IF($J9="","",IF($K9=1,"H",IF($L9=0,"S",IF($K9=2,"C",IF($K9<=$L9+2,"I",IF($K9=$L9+3,"T","S")))))) -> H | N9: =IF($M9="I",MATCH(SMALL('완료 체험단'!$K$4:$K$2000,INDEX($T$5:$T$16,$J9)+$K9-2),'완료 체험단'!$K$4:$K$2000,0),"") | P9: 5 | Q9: =COUNTIFS('완료 체험단'!$D$4:$D$2000,">="&DATE($C$2,P9,1),'완료 체험단'!$D$4:$D$2000,"<"&DATE($C$2,P9+1,1)) -> 0 | R9: =IF(Q9=0,1,Q9+4) -> 1 | S9: =S8+R8 -> 4 | T9: =T8+Q8 -> 0 | U9: =SUMIFS('완료 체험단'!$F$4:$F$2000,'완료 체험단'!$D$4:$D$2000,">="&DATE($C$2,P9,1),'완료 체험단'!$D$4:$D$2000,"<"&DATE($C$2,P9+1,1)) -> 0 | V9: =SUMIFS('완료 체험단'!$G$4:$G$2000,'완료 체험단'!$D$4:$D$2000,">="&DATE($C$2,P9,1),'완료 체험단'!$D$4:$D$2000,"<"&DATE($C$2,P9+1,1)) -> 0 | W9: =SUMIFS('완료 체험단'!$H$4:$H$2000,'완료 체험단'!$D$4:$D$2000,">="&DATE($C$2,P9,1),'완료 체험단'!$D$4:$D$2000,"<"&DATE($C$2,P9+1,1)) -> 0
B10: =IF($M10="H",$J10&"월",IF($M10="C","매장명",IF($M10="I",INDEX('완료 체험단'!$A$4:$A$2000,$N10),IF($M10="T","합계","")))) -> 6월 | C10: =IF($M10="H",$L10&"건",IF($M10="C","사이트",IF($M10="I",INDEX('완료 체험단'!$C$4:$C$2000,$N10),IF($M10="T",$L10&"건","")))) -> 0건 | D10: =IF($M10="C","방문일",IF($M10="I",INDEX('완료 체험단'!$D$4:$D$2000,$N10),"")) | E10: =IF($M10="H","제공금액 "&TEXT(INDEX($U$5:$U$16,$J10),"#,##0")&"원",IF($M10="C","제공금액",IF($M10="I",INDEX('완료 체험단'!$F$4:$F$2000,$N10),IF($M10="T",INDEX($U$5:$U$16,$J10),"")))) -> 제공금액 0원 | F10: =IF($M10="H","결제금액 "&TEXT(INDEX($V$5:$V$16,$J10),"#,##0")&"원",IF($M10="C","결제금액",IF($M10="I",INDEX('완료 체험단'!$G$4:$G$2000,$N10),IF($M10="T",INDEX($V$5:$V$16,$J10),"")))) -> 결제금액 0원 | G10: =IF($M10="H","실수익 "&TEXT(INDEX($W$5:$W$16,$J10),"#,##0")&"원",IF($M10="C","실수익",IF($M10="I",INDEX('완료 체험단'!$H$4:$H$2000,$N10),IF($M10="T",INDEX($W$5:$W$16,$J10),"")))) -> 실수익 0원 | I10: =ROWS(I$5:I10) -> 6 | J10: =IF($I10>$S$17,"",MATCH($I10-1,$S$5:$S$16,1)) -> 6 | K10: =IF($J10="","",$I10-INDEX($S$5:$S$16,$J10)) -> 1 | L10: =IF($J10="","",INDEX($Q$5:$Q$16,$J10)) -> 0 | M10: =IF($J10="","",IF($K10=1,"H",IF($L10=0,"S",IF($K10=2,"C",IF($K10<=$L10+2,"I",IF($K10=$L10+3,"T","S")))))) -> H | N10: =IF($M10="I",MATCH(SMALL('완료 체험단'!$K$4:$K$2000,INDEX($T$5:$T$16,$J10)+$K10-2),'완료 체험단'!$K$4:$K$2000,0),"") | P10: 6 | Q10: =COUNTIFS('완료 체험단'!$D$4:$D$2000,">="&DATE($C$2,P10,1),'완료 체험단'!$D$4:$D$2000,"<"&DATE($C$2,P10+1,1)) -> 0 | R10: =IF(Q10=0,1,Q10+4) -> 1 | S10: =S9+R9 -> 5 | T10: =T9+Q9 -> 0 | U10: =SUMIFS('완료 체험단'!$F$4:$F$2000,'완료 체험단'!$D$4:$D$2000,">="&DATE($C$2,P10,1),'완료 체험단'!$D$4:$D$2000,"<"&DATE($C$2,P10+1,1)) -> 0 | V10: =SUMIFS('완료 체험단'!$G$4:$G$2000,'완료 체험단'!$D$4:$D$2000,">="&DATE($C$2,P10,1),'완료 체험단'!$D$4:$D$2000,"<"&DATE($C$2,P10+1,1)) -> 0 | W10: =SUMIFS('완료 체험단'!$H$4:$H$2000,'완료 체험단'!$D$4:$D$2000,">="&DATE($C$2,P10,1),'완료 체험단'!$D$4:$D$2000,"<"&DATE($C$2,P10+1,1)) -> 0
B11: =IF($M11="H",$J11&"월",IF($M11="C","매장명",IF($M11="I",INDEX('완료 체험단'!$A$4:$A$2000,$N11),IF($M11="T","합계","")))) -> 7월 | C11: =IF($M11="H",$L11&"건",IF($M11="C","사이트",IF($M11="I",INDEX('완료 체험단'!$C$4:$C$2000,$N11),IF($M11="T",$L11&"건","")))) -> 0건 | D11: =IF($M11="C","방문일",IF($M11="I",INDEX('완료 체험단'!$D$4:$D$2000,$N11),"")) | E11: =IF($M11="H","제공금액 "&TEXT(INDEX($U$5:$U$16,$J11),"#,##0")&"원",IF($M11="C","제공금액",IF($M11="I",INDEX('완료 체험단'!$F$4:$F$2000,$N11),IF($M11="T",INDEX($U$5:$U$16,$J11),"")))) -> 제공금액 0원 | F11: =IF($M11="H","결제금액 "&TEXT(INDEX($V$5:$V$16,$J11),"#,##0")&"원",IF($M11="C","결제금액",IF($M11="I",INDEX('완료 체험단'!$G$4:$G$2000,$N11),IF($M11="T",INDEX($V$5:$V$16,$J11),"")))) -> 결제금액 0원 | G11: =IF($M11="H","실수익 "&TEXT(INDEX($W$5:$W$16,$J11),"#,##0")&"원",IF($M11="C","실수익",IF($M11="I",INDEX('완료 체험단'!$H$4:$H$2000,$N11),IF($M11="T",INDEX($W$5:$W$16,$J11),"")))) -> 실수익 0원 | I11: =ROWS(I$5:I11) -> 7 | J11: =IF($I11>$S$17,"",MATCH($I11-1,$S$5:$S$16,1)) -> 7 | K11: =IF($J11="","",$I11-INDEX($S$5:$S$16,$J11)) -> 1 | L11: =IF($J11="","",INDEX($Q$5:$Q$16,$J11)) -> 0 | M11: =IF($J11="","",IF($K11=1,"H",IF($L11=0,"S",IF($K11=2,"C",IF($K11<=$L11+2,"I",IF($K11=$L11+3,"T","S")))))) -> H | N11: =IF($M11="I",MATCH(SMALL('완료 체험단'!$K$4:$K$2000,INDEX($T$5:$T$16,$J11)+$K11-2),'완료 체험단'!$K$4:$K$2000,0),"") | P11: 7 | Q11: =COUNTIFS('완료 체험단'!$D$4:$D$2000,">="&DATE($C$2,P11,1),'완료 체험단'!$D$4:$D$2000,"<"&DATE($C$2,P11+1,1)) -> 0 | R11: =IF(Q11=0,1,Q11+4) -> 1 | S11: =S10+R10 -> 6 | T11: =T10+Q10 -> 0 | U11: =SUMIFS('완료 체험단'!$F$4:$F$2000,'완료 체험단'!$D$4:$D$2000,">="&DATE($C$2,P11,1),'완료 체험단'!$D$4:$D$2000,"<"&DATE($C$2,P11+1,1)) -> 0 | V11: =SUMIFS('완료 체험단'!$G$4:$G$2000,'완료 체험단'!$D$4:$D$2000,">="&DATE($C$2,P11,1),'완료 체험단'!$D$4:$D$2000,"<"&DATE($C$2,P11+1,1)) -> 0 | W11: =SUMIFS('완료 체험단'!$H$4:$H$2000,'완료 체험단'!$D$4:$D$2000,">="&DATE($C$2,P11,1),'완료 체험단'!$D$4:$D$2000,"<"&DATE($C$2,P11+1,1)) -> 0
B12: =IF($M12="H",$J12&"월",IF($M12="C","매장명",IF($M12="I",INDEX('완료 체험단'!$A$4:$A$2000,$N12),IF($M12="T","합계","")))) -> 8월 | C12: =IF($M12="H",$L12&"건",IF($M12="C","사이트",IF($M12="I",INDEX('완료 체험단'!$C$4:$C$2000,$N12),IF($M12="T",$L12&"건","")))) -> 0건 | D12: =IF($M12="C","방문일",IF($M12="I",INDEX('완료 체험단'!$D$4:$D$2000,$N12),"")) | E12: =IF($M12="H","제공금액 "&TEXT(INDEX($U$5:$U$16,$J12),"#,##0")&"원",IF($M12="C","제공금액",IF($M12="I",INDEX('완료 체험단'!$F$4:$F$2000,$N12),IF($M12="T",INDEX($U$5:$U$16,$J12),"")))) -> 제공금액 0원 | F12: =IF($M12="H","결제금액 "&TEXT(INDEX($V$5:$V$16,$J12),"#,##0")&"원",IF($M12="C","결제금액",IF($M12="I",INDEX('완료 체험단'!$G$4:$G$2000,$N12),IF($M12="T",INDEX($V$5:$V$16,$J12),"")))) -> 결제금액 0원 | G12: =IF($M12="H","실수익 "&TEXT(INDEX($W$5:$W$16,$J12),"#,##0")&"원",IF($M12="C","실수익",IF($M12="I",INDEX('완료 체험단'!$H$4:$H$2000,$N12),IF($M12="T",INDEX($W$5:$W$16,$J12),"")))) -> 실수익 0원 | I12: =ROWS(I$5:I12) -> 8 | J12: =IF($I12>$S$17,"",MATCH($I12-1,$S$5:$S$16,1)) -> 8 | K12: =IF($J12="","",$I12-INDEX($S$5:$S$16,$J12)) -> 1 | L12: =IF($J12="","",INDEX($Q$5:$Q$16,$J12)) -> 0 | M12: =IF($J12="","",IF($K12=1,"H",IF($L12=0,"S",IF($K12=2,"C",IF($K12<=$L12+2,"I",IF($K12=$L12+3,"T","S")))))) -> H | N12: =IF($M12="I",MATCH(SMALL('완료 체험단'!$K$4:$K$2000,INDEX($T$5:$T$16,$J12)+$K12-2),'완료 체험단'!$K$4:$K$2000,0),"") | P12: 8 | Q12: =COUNTIFS('완료 체험단'!$D$4:$D$2000,">="&DATE($C$2,P12,1),'완료 체험단'!$D$4:$D$2000,"<"&DATE($C$2,P12+1,1)) -> 0 | R12: =IF(Q12=0,1,Q12+4) -> 1 | S12: =S11+R11 -> 7 | T12: =T11+Q11 -> 0 | U12: =SUMIFS('완료 체험단'!$F$4:$F$2000,'완료 체험단'!$D$4:$D$2000,">="&DATE($C$2,P12,1),'완료 체험단'!$D$4:$D$2000,"<"&DATE($C$2,P12+1,1)) -> 0 | V12: =SUMIFS('완료 체험단'!$G$4:$G$2000,'완료 체험단'!$D$4:$D$2000,">="&DATE($C$2,P12,1),'완료 체험단'!$D$4:$D$2000,"<"&DATE($C$2,P12+1,1)) -> 0 | W12: =SUMIFS('완료 체험단'!$H$4:$H$2000,'완료 체험단'!$D$4:$D$2000,">="&DATE($C$2,P12,1),'완료 체험단'!$D$4:$D$2000,"<"&DATE($C$2,P12+1,1)) -> 0
B13: =IF($M13="H",$J13&"월",IF($M13="C","매장명",IF($M13="I",INDEX('완료 체험단'!$A$4:$A$2000,$N13),IF($M13="T","합계","")))) -> 9월 | C13: =IF($M13="H",$L13&"건",IF($M13="C","사이트",IF($M13="I",INDEX('완료 체험단'!$C$4:$C$2000,$N13),IF($M13="T",$L13&"건","")))) -> 0건 | D13: =IF($M13="C","방문일",IF($M13="I",INDEX('완료 체험단'!$D$4:$D$2000,$N13),"")) | E13: =IF($M13="H","제공금액 "&TEXT(INDEX($U$5:$U$16,$J13),"#,##0")&"원",IF($M13="C","제공금액",IF($M13="I",INDEX('완료 체험단'!$F$4:$F$2000,$N13),IF($M13="T",INDEX($U$5:$U$16,$J13),"")))) -> 제공금액 0원 | F13: =IF($M13="H","결제금액 "&TEXT(INDEX($V$5:$V$16,$J13),"#,##0")&"원",IF($M13="C","결제금액",IF($M13="I",INDEX('완료 체험단'!$G$4:$G$2000,$N13),IF($M13="T",INDEX($V$5:$V$16,$J13),"")))) -> 결제금액 0원 | G13: =IF($M13="H","실수익 "&TEXT(INDEX($W$5:$W$16,$J13),"#,##0")&"원",IF($M13="C","실수익",IF($M13="I",INDEX('완료 체험단'!$H$4:$H$2000,$N13),IF($M13="T",INDEX($W$5:$W$16,$J13),"")))) -> 실수익 0원 | I13: =ROWS(I$5:I13) -> 9 | J13: =IF($I13>$S$17,"",MATCH($I13-1,$S$5:$S$16,1)) -> 9 | K13: =IF($J13="","",$I13-INDEX($S$5:$S$16,$J13)) -> 1 | L13: =IF($J13="","",INDEX($Q$5:$Q$16,$J13)) -> 0 | M13: =IF($J13="","",IF($K13=1,"H",IF($L13=0,"S",IF($K13=2,"C",IF($K13<=$L13+2,"I",IF($K13=$L13+3,"T","S")))))) -> H | N13: =IF($M13="I",MATCH(SMALL('완료 체험단'!$K$4:$K$2000,INDEX($T$5:$T$16,$J13)+$K13-2),'완료 체험단'!$K$4:$K$2000,0),"") | P13: 9 | Q13: =COUNTIFS('완료 체험단'!$D$4:$D$2000,">="&DATE($C$2,P13,1),'완료 체험단'!$D$4:$D$2000,"<"&DATE($C$2,P13+1,1)) -> 0 | R13: =IF(Q13=0,1,Q13+4) -> 1 | S13: =S12+R12 -> 8 | T13: =T12+Q12 -> 0 | U13: =SUMIFS('완료 체험단'!$F$4:$F$2000,'완료 체험단'!$D$4:$D$2000,">="&DATE($C$2,P13,1),'완료 체험단'!$D$4:$D$2000,"<"&DATE($C$2,P13+1,1)) -> 0 | V13: =SUMIFS('완료 체험단'!$G$4:$G$2000,'완료 체험단'!$D$4:$D$2000,">="&DATE($C$2,P13,1),'완료 체험단'!$D$4:$D$2000,"<"&DATE($C$2,P13+1,1)) -> 0 | W13: =SUMIFS('완료 체험단'!$H$4:$H$2000,'완료 체험단'!$D$4:$D$2000,">="&DATE($C$2,P13,1),'완료 체험단'!$D$4:$D$2000,"<"&DATE($C$2,P13+1,1)) -> 0
B14: =IF($M14="H",$J14&"월",IF($M14="C","매장명",IF($M14="I",INDEX('완료 체험단'!$A$4:$A$2000,$N14),IF($M14="T","합계","")))) -> 10월 | C14: =IF($M14="H",$L14&"건",IF($M14="C","사이트",IF($M14="I",INDEX('완료 체험단'!$C$4:$C$2000,$N14),IF($M14="T",$L14&"건","")))) -> 2건 | D14: =IF($M14="C","방문일",IF($M14="I",INDEX('완료 체험단'!$D$4:$D$2000,$N14),"")) | E14: =IF($M14="H","제공금액 "&TEXT(INDEX($U$5:$U$16,$J14),"#,##0")&"원",IF($M14="C","제공금액",IF($M14="I",INDEX('완료 체험단'!$F$4:$F$2000,$N14),IF($M14="T",INDEX($U$5:$U$16,$J14),"")))) -> 제공금액 125,000원 | F14: =IF($M14="H","결제금액 "&TEXT(INDEX($V$5:$V$16,$J14),"#,##0")&"원",IF($M14="C","결제금액",IF($M14="I",INDEX('완료 체험단'!$G$4:$G$2000,$N14),IF($M14="T",INDEX($V$5:$V$16,$J14),"")))) -> 결제금액 10,000원 | G14: =IF($M14="H","실수익 "&TEXT(INDEX($W$5:$W$16,$J14),"#,##0")&"원",IF($M14="C","실수익",IF($M14="I",INDEX('완료 체험단'!$H$4:$H$2000,$N14),IF($M14="T",INDEX($W$5:$W$16,$J14),"")))) -> 실수익 115,000원 | I14: =ROWS(I$5:I14) -> 10 | J14: =IF($I14>$S$17,"",MATCH($I14-1,$S$5:$S$16,1)) -> 10 | K14: =IF($J14="","",$I14-INDEX($S$5:$S$16,$J14)) -> 1 | L14: =IF($J14="","",INDEX($Q$5:$Q$16,$J14)) -> 2 | M14: =IF($J14="","",IF($K14=1,"H",IF($L14=0,"S",IF($K14=2,"C",IF($K14<=$L14+2,"I",IF($K14=$L14+3,"T","S")))))) -> H | N14: =IF($M14="I",MATCH(SMALL('완료 체험단'!$K$4:$K$2000,INDEX($T$5:$T$16,$J14)+$K14-2),'완료 체험단'!$K$4:$K$2000,0),"") | P14: 10 | Q14: =COUNTIFS('완료 체험단'!$D$4:$D$2000,">="&DATE($C$2,P14,1),'완료 체험단'!$D$4:$D$2000,"<"&DATE($C$2,P14+1,1)) -> 2 | R14: =IF(Q14=0,1,Q14+4) -> 6 | S14: =S13+R13 -> 9 | T14: =T13+Q13 -> 0 | U14: =SUMIFS('완료 체험단'!$F$4:$F$2000,'완료 체험단'!$D$4:$D$2000,">="&DATE($C$2,P14,1),'완료 체험단'!$D$4:$D$2000,"<"&DATE($C$2,P14+1,1)) -> 125000 | V14: =SUMIFS('완료 체험단'!$G$4:$G$2000,'완료 체험단'!$D$4:$D$2000,">="&DATE($C$2,P14,1),'완료 체험단'!$D$4:$D$2000,"<"&DATE($C$2,P14+1,1)) -> 10000 | W14: =SUMIFS('완료 체험단'!$H$4:$H$2000,'완료 체험단'!$D$4:$D$2000,">="&DATE($C$2,P14,1),'완료 체험단'!$D$4:$D$2000,"<"&DATE($C$2,P14+1,1)) -> 115000
B15: =IF($M15="H",$J15&"월",IF($M15="C","매장명",IF($M15="I",INDEX('완료 체험단'!$A$4:$A$2000,$N15),IF($M15="T","합계","")))) -> 매장명 | C15: =IF($M15="H",$L15&"건",IF($M15="C","사이트",IF($M15="I",INDEX('완료 체험단'!$C$4:$C$2000,$N15),IF($M15="T",$L15&"건","")))) -> 사이트 | D15: =IF($M15="C","방문일",IF($M15="I",INDEX('완료 체험단'!$D$4:$D$2000,$N15),"")) -> 방문일 | E15: =IF($M15="H","제공금액 "&TEXT(INDEX($U$5:$U$16,$J15),"#,##0")&"원",IF($M15="C","제공금액",IF($M15="I",INDEX('완료 체험단'!$F$4:$F$2000,$N15),IF($M15="T",INDEX($U$5:$U$16,$J15),"")))) -> 제공금액 | F15: =IF($M15="H","결제금액 "&TEXT(INDEX($V$5:$V$16,$J15),"#,##0")&"원",IF($M15="C","결제금액",IF($M15="I",INDEX('완료 체험단'!$G$4:$G$2000,$N15),IF($M15="T",INDEX($V$5:$V$16,$J15),"")))) -> 결제금액 | G15: =IF($M15="H","실수익 "&TEXT(INDEX($W$5:$W$16,$J15),"#,##0")&"원",IF($M15="C","실수익",IF($M15="I",INDEX('완료 체험단'!$H$4:$H$2000,$N15),IF($M15="T",INDEX($W$5:$W$16,$J15),"")))) -> 실수익 | I15: =ROWS(I$5:I15) -> 11 | J15: =IF($I15>$S$17,"",MATCH($I15-1,$S$5:$S$16,1)) -> 10 | K15: =IF($J15="","",$I15-INDEX($S$5:$S$16,$J15)) -> 2 | L15: =IF($J15="","",INDEX($Q$5:$Q$16,$J15)) -> 2 | M15: =IF($J15="","",IF($K15=1,"H",IF($L15=0,"S",IF($K15=2,"C",IF($K15<=$L15+2,"I",IF($K15=$L15+3,"T","S")))))) -> C | N15: =IF($M15="I",MATCH(SMALL('완료 체험단'!$K$4:$K$2000,INDEX($T$5:$T$16,$J15)+$K15-2),'완료 체험단'!$K$4:$K$2000,0),"") | P15: 11 | Q15: =COUNTIFS('완료 체험단'!$D$4:$D$2000,">="&DATE($C$2,P15,1),'완료 체험단'!$D$4:$D$2000,"<"&DATE($C$2,P15+1,1)) -> 0 | R15: =IF(Q15=0,1,Q15+4) -> 1 | S15: =S14+R14 -> 15 | T15: =T14+Q14 -> 2 | U15: =SUMIFS('완료 체험단'!$F$4:$F$2000,'완료 체험단'!$D$4:$D$2000,">="&DATE($C$2,P15,1),'완료 체험단'!$D$4:$D$2000,"<"&DATE($C$2,P15+1,1)) -> 0 | V15: =SUMIFS('완료 체험단'!$G$4:$G$2000,'완료 체험단'!$D$4:$D$2000,">="&DATE($C$2,P15,1),'완료 체험단'!$D$4:$D$2000,"<"&DATE($C$2,P15+1,1)) -> 0 | W15: =SUMIFS('완료 체험단'!$H$4:$H$2000,'완료 체험단'!$D$4:$D$2000,">="&DATE($C$2,P15,1),'완료 체험단'!$D$4:$D$2000,"<"&DATE($C$2,P15+1,1)) -> 0
B16: =IF($M16="H",$J16&"월",IF($M16="C","매장명",IF($M16="I",INDEX('완료 체험단'!$A$4:$A$2000,$N16),IF($M16="T","합계","")))) -> 예시_완료된 체험단2 | C16: =IF($M16="H",$L16&"건",IF($M16="C","사이트",IF($M16="I",INDEX('완료 체험단'!$C$4:$C$2000,$N16),IF($M16="T",$L16&"건","")))) -> 리뷰노트 | D16: =IF($M16="C","방문일",IF($M16="I",INDEX('완료 체험단'!$D$4:$D$2000,$N16),"")) -> 46299 | E16: =IF($M16="H","제공금액 "&TEXT(INDEX($U$5:$U$16,$J16),"#,##0")&"원",IF($M16="C","제공금액",IF($M16="I",INDEX('완료 체험단'!$F$4:$F$2000,$N16),IF($M16="T",INDEX($U$5:$U$16,$J16),"")))) -> 25000 | F16: =IF($M16="H","결제금액 "&TEXT(INDEX($V$5:$V$16,$J16),"#,##0")&"원",IF($M16="C","결제금액",IF($M16="I",INDEX('완료 체험단'!$G$4:$G$2000,$N16),IF($M16="T",INDEX($V$5:$V$16,$J16),"")))) -> 0 | G16: =IF($M16="H","실수익 "&TEXT(INDEX($W$5:$W$16,$J16),"#,##0")&"원",IF($M16="C","실수익",IF($M16="I",INDEX('완료 체험단'!$H$4:$H$2000,$N16),IF($M16="T",INDEX($W$5:$W$16,$J16),"")))) -> 25000 | I16: =ROWS(I$5:I16) -> 12 | J16: =IF($I16>$S$17,"",MATCH($I16-1,$S$5:$S$16,1)) -> 10 | K16: =IF($J16="","",$I16-INDEX($S$5:$S$16,$J16)) -> 3 | L16: =IF($J16="","",INDEX($Q$5:$Q$16,$J16)) -> 2 | M16: =IF($J16="","",IF($K16=1,"H",IF($L16=0,"S",IF($K16=2,"C",IF($K16<=$L16+2,"I",IF($K16=$L16+3,"T","S")))))) -> I | N16: =IF($M16="I",MATCH(SMALL('완료 체험단'!$K$4:$K$2000,INDEX($T$5:$T$16,$J16)+$K16-2),'완료 체험단'!$K$4:$K$2000,0),"") -> 2 | P16: 12 | Q16: =COUNTIFS('완료 체험단'!$D$4:$D$2000,">="&DATE($C$2,P16,1),'완료 체험단'!$D$4:$D$2000,"<"&DATE($C$2,P16+1,1)) -> 0 | R16: =IF(Q16=0,1,Q16+4) -> 1 | S16: =S15+R15 -> 16 | T16: =T15+Q15 -> 2 | U16: =SUMIFS('완료 체험단'!$F$4:$F$2000,'완료 체험단'!$D$4:$D$2000,">="&DATE($C$2,P16,1),'완료 체험단'!$D$4:$D$2000,"<"&DATE($C$2,P16+1,1)) -> 0 | V16: =SUMIFS('완료 체험단'!$G$4:$G$2000,'완료 체험단'!$D$4:$D$2000,">="&DATE($C$2,P16,1),'완료 체험단'!$D$4:$D$2000,"<"&DATE($C$2,P16+1,1)) -> 0 | W16: =SUMIFS('완료 체험단'!$H$4:$H$2000,'완료 체험단'!$D$4:$D$2000,">="&DATE($C$2,P16,1),'완료 체험단'!$D$4:$D$2000,"<"&DATE($C$2,P16+1,1)) -> 0
B17: =IF($M17="H",$J17&"월",IF($M17="C","매장명",IF($M17="I",INDEX('완료 체험단'!$A$4:$A$2000,$N17),IF($M17="T","합계","")))) -> 예시_완료된 체험단1 | C17: =IF($M17="H",$L17&"건",IF($M17="C","사이트",IF($M17="I",INDEX('완료 체험단'!$C$4:$C$2000,$N17),IF($M17="T",$L17&"건","")))) -> 레뷰 | D17: =IF($M17="C","방문일",IF($M17="I",INDEX('완료 체험단'!$D$4:$D$2000,$N17),"")) -> 46310 | E17: =IF($M17="H","제공금액 "&TEXT(INDEX($U$5:$U$16,$J17),"#,##0")&"원",IF($M17="C","제공금액",IF($M17="I",INDEX('완료 체험단'!$F$4:$F$2000,$N17),IF($M17="T",INDEX($U$5:$U$16,$J17),"")))) -> 100000 | F17: =IF($M17="H","결제금액 "&TEXT(INDEX($V$5:$V$16,$J17),"#,##0")&"원",IF($M17="C","결제금액",IF($M17="I",INDEX('완료 체험단'!$G$4:$G$2000,$N17),IF($M17="T",INDEX($V$5:$V$16,$J17),"")))) -> 10000 | G17: =IF($M17="H","실수익 "&TEXT(INDEX($W$5:$W$16,$J17),"#,##0")&"원",IF($M17="C","실수익",IF($M17="I",INDEX('완료 체험단'!$H$4:$H$2000,$N17),IF($M17="T",INDEX($W$5:$W$16,$J17),"")))) -> 90000 | I17: =ROWS(I$5:I17) -> 13 | J17: =IF($I17>$S$17,"",MATCH($I17-1,$S$5:$S$16,1)) -> 10 | K17: =IF($J17="","",$I17-INDEX($S$5:$S$16,$J17)) -> 4 | L17: =IF($J17="","",INDEX($Q$5:$Q$16,$J17)) -> 2 | M17: =IF($J17="","",IF($K17=1,"H",IF($L17=0,"S",IF($K17=2,"C",IF($K17<=$L17+2,"I",IF($K17=$L17+3,"T","S")))))) -> I | N17: =IF($M17="I",MATCH(SMALL('완료 체험단'!$K$4:$K$2000,INDEX($T$5:$T$16,$J17)+$K17-2),'완료 체험단'!$K$4:$K$2000,0),"") -> 1 | S17: =S16+R16 -> 17 | T17: =T16+Q16 -> 2
B18: =IF($M18="H",$J18&"월",IF($M18="C","매장명",IF($M18="I",INDEX('완료 체험단'!$A$4:$A$2000,$N18),IF($M18="T","합계","")))) -> 합계 | C18: =IF($M18="H",$L18&"건",IF($M18="C","사이트",IF($M18="I",INDEX('완료 체험단'!$C$4:$C$2000,$N18),IF($M18="T",$L18&"건","")))) -> 2건 | D18: =IF($M18="C","방문일",IF($M18="I",INDEX('완료 체험단'!$D$4:$D$2000,$N18),"")) | E18: =IF($M18="H","제공금액 "&TEXT(INDEX($U$5:$U$16,$J18),"#,##0")&"원",IF($M18="C","제공금액",IF($M18="I",INDEX('완료 체험단'!$F$4:$F$2000,$N18),IF($M18="T",INDEX($U$5:$U$16,$J18),"")))) -> 125000 | F18: =IF($M18="H","결제금액 "&TEXT(INDEX($V$5:$V$16,$J18),"#,##0")&"원",IF($M18="C","결제금액",IF($M18="I",INDEX('완료 체험단'!$G$4:$G$2000,$N18),IF($M18="T",INDEX($V$5:$V$16,$J18),"")))) -> 10000 | G18: =IF($M18="H","실수익 "&TEXT(INDEX($W$5:$W$16,$J18),"#,##0")&"원",IF($M18="C","실수익",IF($M18="I",INDEX('완료 체험단'!$H$4:$H$2000,$N18),IF($M18="T",INDEX($W$5:$W$16,$J18),"")))) -> 115000 | I18: =ROWS(I$5:I18) -> 14 | J18: =IF($I18>$S$17,"",MATCH($I18-1,$S$5:$S$16,1)) -> 10 | K18: =IF($J18="","",$I18-INDEX($S$5:$S$16,$J18)) -> 5 | L18: =IF($J18="","",INDEX($Q$5:$Q$16,$J18)) -> 2 | M18: =IF($J18="","",IF($K18=1,"H",IF($L18=0,"S",IF($K18=2,"C",IF($K18<=$L18+2,"I",IF($K18=$L18+3,"T","S")))))) -> T | N18: =IF($M18="I",MATCH(SMALL('완료 체험단'!$K$4:$K$2000,INDEX($T$5:$T$16,$J18)+$K18-2),'완료 체험단'!$K$4:$K$2000,0),"")
B19: =IF($M19="H",$J19&"월",IF($M19="C","매장명",IF($M19="I",INDEX('완료 체험단'!$A$4:$A$2000,$N19),IF($M19="T","합계","")))) | C19: =IF($M19="H",$L19&"건",IF($M19="C","사이트",IF($M19="I",INDEX('완료 체험단'!$C$4:$C$2000,$N19),IF($M19="T",$L19&"건","")))) | D19: =IF($M19="C","방문일",IF($M19="I",INDEX('완료 체험단'!$D$4:$D$2000,$N19),"")) | E19: =IF($M19="H","제공금액 "&TEXT(INDEX($U$5:$U$16,$J19),"#,##0")&"원",IF($M19="C","제공금액",IF($M19="I",INDEX('완료 체험단'!$F$4:$F$2000,$N19),IF($M19="T",INDEX($U$5:$U$16,$J19),"")))) | F19: =IF($M19="H","결제금액 "&TEXT(INDEX($V$5:$V$16,$J19),"#,##0")&"원",IF($M19="C","결제금액",IF($M19="I",INDEX('완료 체험단'!$G$4:$G$2000,$N19),IF($M19="T",INDEX($V$5:$V$16,$J19),"")))) | G19: =IF($M19="H","실수익 "&TEXT(INDEX($W$5:$W$16,$J19),"#,##0")&"원",IF($M19="C","실수익",IF($M19="I",INDEX('완료 체험단'!$H$4:$H$2000,$N19),IF($M19="T",INDEX($W$5:$W$16,$J19),"")))) | I19: =ROWS(I$5:I19) -> 15 | J19: =IF($I19>$S$17,"",MATCH($I19-1,$S$5:$S$16,1)) -> 10 | K19: =IF($J19="","",$I19-INDEX($S$5:$S$16,$J19)) -> 6 | L19: =IF($J19="","",INDEX($Q$5:$Q$16,$J19)) -> 2 | M19: =IF($J19="","",IF($K19=1,"H",IF($L19=0,"S",IF($K19=2,"C",IF($K19<=$L19+2,"I",IF($K19=$L19+3,"T","S")))))) -> S | N19: =IF($M19="I",MATCH(SMALL('완료 체험단'!$K$4:$K$2000,INDEX($T$5:$T$16,$J19)+$K19-2),'완료 체험단'!$K$4:$K$2000,0),"")
B20: =IF($M20="H",$J20&"월",IF($M20="C","매장명",IF($M20="I",INDEX('완료 체험단'!$A$4:$A$2000,$N20),IF($M20="T","합계","")))) -> 11월 | C20: =IF($M20="H",$L20&"건",IF($M20="C","사이트",IF($M20="I",INDEX('완료 체험단'!$C$4:$C$2000,$N20),IF($M20="T",$L20&"건","")))) -> 0건 | D20: =IF($M20="C","방문일",IF($M20="I",INDEX('완료 체험단'!$D$4:$D$2000,$N20),"")) | E20: =IF($M20="H","제공금액 "&TEXT(INDEX($U$5:$U$16,$J20),"#,##0")&"원",IF($M20="C","제공금액",IF($M20="I",INDEX('완료 체험단'!$F$4:$F$2000,$N20),IF($M20="T",INDEX($U$5:$U$16,$J20),"")))) -> 제공금액 0원 | F20: =IF($M20="H","결제금액 "&TEXT(INDEX($V$5:$V$16,$J20),"#,##0")&"원",IF($M20="C","결제금액",IF($M20="I",INDEX('완료 체험단'!$G$4:$G$2000,$N20),IF($M20="T",INDEX($V$5:$V$16,$J20),"")))) -> 결제금액 0원 | G20: =IF($M20="H","실수익 "&TEXT(INDEX($W$5:$W$16,$J20),"#,##0")&"원",IF($M20="C","실수익",IF($M20="I",INDEX('완료 체험단'!$H$4:$H$2000,$N20),IF($M20="T",INDEX($W$5:$W$16,$J20),"")))) -> 실수익 0원 | I20: =ROWS(I$5:I20) -> 16 | J20: =IF($I20>$S$17,"",MATCH($I20-1,$S$5:$S$16,1)) -> 11 | K20: =IF($J20="","",$I20-INDEX($S$5:$S$16,$J20)) -> 1 | L20: =IF($J20="","",INDEX($Q$5:$Q$16,$J20)) -> 0 | M20: =IF($J20="","",IF($K20=1,"H",IF($L20=0,"S",IF($K20=2,"C",IF($K20<=$L20+2,"I",IF($K20=$L20+3,"T","S")))))) -> H | N20: =IF($M20="I",MATCH(SMALL('완료 체험단'!$K$4:$K$2000,INDEX($T$5:$T$16,$J20)+$K20-2),'완료 체험단'!$K$4:$K$2000,0),"")
B21: =IF($M21="H",$J21&"월",IF($M21="C","매장명",IF($M21="I",INDEX('완료 체험단'!$A$4:$A$2000,$N21),IF($M21="T","합계","")))) -> 12월 | C21: =IF($M21="H",$L21&"건",IF($M21="C","사이트",IF($M21="I",INDEX('완료 체험단'!$C$4:$C$2000,$N21),IF($M21="T",$L21&"건","")))) -> 0건 | D21: =IF($M21="C","방문일",IF($M21="I",INDEX('완료 체험단'!$D$4:$D$2000,$N21),"")) | E21: =IF($M21="H","제공금액 "&TEXT(INDEX($U$5:$U$16,$J21),"#,##0")&"원",IF($M21="C","제공금액",IF($M21="I",INDEX('완료 체험단'!$F$4:$F$2000,$N21),IF($M21="T",INDEX($U$5:$U$16,$J21),"")))) -> 제공금액 0원 | F21: =IF($M21="H","결제금액 "&TEXT(INDEX($V$5:$V$16,$J21),"#,##0")&"원",IF($M21="C","결제금액",IF($M21="I",INDEX('완료 체험단'!$G$4:$G$2000,$N21),IF($M21="T",INDEX($V$5:$V$16,$J21),"")))) -> 결제금액 0원 | G21: =IF($M21="H","실수익 "&TEXT(INDEX($W$5:$W$16,$J21),"#,##0")&"원",IF($M21="C","실수익",IF($M21="I",INDEX('완료 체험단'!$H$4:$H$2000,$N21),IF($M21="T",INDEX($W$5:$W$16,$J21),"")))) -> 실수익 0원 | I21: =ROWS(I$5:I21) -> 17 | J21: =IF($I21>$S$17,"",MATCH($I21-1,$S$5:$S$16,1)) -> 12 | K21: =IF($J21="","",$I21-INDEX($S$5:$S$16,$J21)) -> 1 | L21: =IF($J21="","",INDEX($Q$5:$Q$16,$J21)) -> 0 | M21: =IF($J21="","",IF($K21=1,"H",IF($L21=0,"S",IF($K21=2,"C",IF($K21<=$L21+2,"I",IF($K21=$L21+3,"T","S")))))) -> H | N21: =IF($M21="I",MATCH(SMALL('완료 체험단'!$K$4:$K$2000,INDEX($T$5:$T$16,$J21)+$K21-2),'완료 체험단'!$K$4:$K$2000,0),"")
B22: =IF($M22="H",$J22&"월",IF($M22="C","매장명",IF($M22="I",INDEX('완료 체험단'!$A$4:$A$2000,$N22),IF($M22="T","합계","")))) | C22: =IF($M22="H",$L22&"건",IF($M22="C","사이트",IF($M22="I",INDEX('완료 체험단'!$C$4:$C$2000,$N22),IF($M22="T",$L22&"건","")))) | D22: =IF($M22="C","방문일",IF($M22="I",INDEX('완료 체험단'!$D$4:$D$2000,$N22),"")) | E22: =IF($M22="H","제공금액 "&TEXT(INDEX($U$5:$U$16,$J22),"#,##0")&"원",IF($M22="C","제공금액",IF($M22="I",INDEX('완료 체험단'!$F$4:$F$2000,$N22),IF($M22="T",INDEX($U$5:$U$16,$J22),"")))) | F22: =IF($M22="H","결제금액 "&TEXT(INDEX($V$5:$V$16,$J22),"#,##0")&"원",IF($M22="C","결제금액",IF($M22="I",INDEX('완료 체험단'!$G$4:$G$2000,$N22),IF($M22="T",INDEX($V$5:$V$16,$J22),"")))) | G22: =IF($M22="H","실수익 "&TEXT(INDEX($W$5:$W$16,$J22),"#,##0")&"원",IF($M22="C","실수익",IF($M22="I",INDEX('완료 체험단'!$H$4:$H$2000,$N22),IF($M22="T",INDEX($W$5:$W$16,$J22),"")))) | I22: =ROWS(I$5:I22) -> 18 | J22: =IF($I22>$S$17,"",MATCH($I22-1,$S$5:$S$16,1)) | K22: =IF($J22="","",$I22-INDEX($S$5:$S$16,$J22)) | L22: =IF($J22="","",INDEX($Q$5:$Q$16,$J22)) | M22: =IF($J22="","",IF($K22=1,"H",IF($L22=0,"S",IF($K22=2,"C",IF($K22<=$L22+2,"I",IF($K22=$L22+3,"T","S")))))) | N22: =IF($M22="I",MATCH(SMALL('완료 체험단'!$K$4:$K$2000,INDEX($T$5:$T$16,$J22)+$K22-2),'완료 체험단'!$K$4:$K$2000,0),"")
B23: =IF($M23="H",$J23&"월",IF($M23="C","매장명",IF($M23="I",INDEX('완료 체험단'!$A$4:$A$2000,$N23),IF($M23="T","합계","")))) | C23: =IF($M23="H",$L23&"건",IF($M23="C","사이트",IF($M23="I",INDEX('완료 체험단'!$C$4:$C$2000,$N23),IF($M23="T",$L23&"건","")))) | D23: =IF($M23="C","방문일",IF($M23="I",INDEX('완료 체험단'!$D$4:$D$2000,$N23),"")) | E23: =IF($M23="H","제공금액 "&TEXT(INDEX($U$5:$U$16,$J23),"#,##0")&"원",IF($M23="C","제공금액",IF($M23="I",INDEX('완료 체험단'!$F$4:$F$2000,$N23),IF($M23="T",INDEX($U$5:$U$16,$J23),"")))) | F23: =IF($M23="H","결제금액 "&TEXT(INDEX($V$5:$V$16,$J23),"#,##0")&"원",IF($M23="C","결제금액",IF($M23="I",INDEX('완료 체험단'!$G$4:$G$2000,$N23),IF($M23="T",INDEX($V$5:$V$16,$J23),"")))) | G23: =IF($M23="H","실수익 "&TEXT(INDEX($W$5:$W$16,$J23),"#,##0")&"원",IF($M23="C","실수익",IF($M23="I",INDEX('완료 체험단'!$H$4:$H$2000,$N23),IF($M23="T",INDEX($W$5:$W$16,$J23),"")))) | I23: =ROWS(I$5:I23) -> 19 | J23: =IF($I23>$S$17,"",MATCH($I23-1,$S$5:$S$16,1)) | K23: =IF($J23="","",$I23-INDEX($S$5:$S$16,$J23)) | L23: =IF($J23="","",INDEX($Q$5:$Q$16,$J23)) | M23: =IF($J23="","",IF($K23=1,"H",IF($L23=0,"S",IF($K23=2,"C",IF($K23<=$L23+2,"I",IF($K23=$L23+3,"T","S")))))) | N23: =IF($M23="I",MATCH(SMALL('완료 체험단'!$K$4:$K$2000,INDEX($T$5:$T$16,$J23)+$K23-2),'완료 체험단'!$K$4:$K$2000,0),"")
B24: =IF($M24="H",$J24&"월",IF($M24="C","매장명",IF($M24="I",INDEX('완료 체험단'!$A$4:$A$2000,$N24),IF($M24="T","합계","")))) | C24: =IF($M24="H",$L24&"건",IF($M24="C","사이트",IF($M24="I",INDEX('완료 체험단'!$C$4:$C$2000,$N24),IF($M24="T",$L24&"건","")))) | D24: =IF($M24="C","방문일",IF($M24="I",INDEX('완료 체험단'!$D$4:$D$2000,$N24),"")) | E24: =IF($M24="H","제공금액 "&TEXT(INDEX($U$5:$U$16,$J24),"#,##0")&"원",IF($M24="C","제공금액",IF($M24="I",INDEX('완료 체험단'!$F$4:$F$2000,$N24),IF($M24="T",INDEX($U$5:$U$16,$J24),"")))) | F24: =IF($M24="H","결제금액 "&TEXT(INDEX($V$5:$V$16,$J24),"#,##0")&"원",IF($M24="C","결제금액",IF($M24="I",INDEX('완료 체험단'!$G$4:$G$2000,$N24),IF($M24="T",INDEX($V$5:$V$16,$J24),"")))) | G24: =IF($M24="H","실수익 "&TEXT(INDEX($W$5:$W$16,$J24),"#,##0")&"원",IF($M24="C","실수익",IF($M24="I",INDEX('완료 체험단'!$H$4:$H$2000,$N24),IF($M24="T",INDEX($W$5:$W$16,$J24),"")))) | I24: =ROWS(I$5:I24) -> 20 | J24: =IF($I24>$S$17,"",MATCH($I24-1,$S$5:$S$16,1)) | K24: =IF($J24="","",$I24-INDEX($S$5:$S$16,$J24)) | L24: =IF($J24="","",INDEX($Q$5:$Q$16,$J24)) | M24: =IF($J24="","",IF($K24=1,"H",IF($L24=0,"S",IF($K24=2,"C",IF($K24<=$L24+2,"I",IF($K24=$L24+3,"T","S")))))) | N24: =IF($M24="I",MATCH(SMALL('완료 체험단'!$K$4:$K$2000,INDEX($T$5:$T$16,$J24)+$K24-2),'완료 체험단'!$K$4:$K$2000,0),"")
B25: =IF($M25="H",$J25&"월",IF($M25="C","매장명",IF($M25="I",INDEX('완료 체험단'!$A$4:$A$2000,$N25),IF($M25="T","합계","")))) | C25: =IF($M25="H",$L25&"건",IF($M25="C","사이트",IF($M25="I",INDEX('완료 체험단'!$C$4:$C$2000,$N25),IF($M25="T",$L25&"건","")))) | D25: =IF($M25="C","방문일",IF($M25="I",INDEX('완료 체험단'!$D$4:$D$2000,$N25),"")) | E25: =IF($M25="H","제공금액 "&TEXT(INDEX($U$5:$U$16,$J25),"#,##0")&"원",IF($M25="C","제공금액",IF($M25="I",INDEX('완료 체험단'!$F$4:$F$2000,$N25),IF($M25="T",INDEX($U$5:$U$16,$J25),"")))) | F25: =IF($M25="H","결제금액 "&TEXT(INDEX($V$5:$V$16,$J25),"#,##0")&"원",IF($M25="C","결제금액",IF($M25="I",INDEX('완료 체험단'!$G$4:$G$2000,$N25),IF($M25="T",INDEX($V$5:$V$16,$J25),"")))) | G25: =IF($M25="H","실수익 "&TEXT(INDEX($W$5:$W$16,$J25),"#,##0")&"원",IF($M25="C","실수익",IF($M25="I",INDEX('완료 체험단'!$H$4:$H$2000,$N25),IF($M25="T",INDEX($W$5:$W$16,$J25),"")))) | I25: =ROWS(I$5:I25) -> 21 | J25: =IF($I25>$S$17,"",MATCH($I25-1,$S$5:$S$16,1)) | K25: =IF($J25="","",$I25-INDEX($S$5:$S$16,$J25)) | L25: =IF($J25="","",INDEX($Q$5:$Q$16,$J25)) | M25: =IF($J25="","",IF($K25=1,"H",IF($L25=0,"S",IF($K25=2,"C",IF($K25<=$L25+2,"I",IF($K25=$L25+3,"T","S")))))) | N25: =IF($M25="I",MATCH(SMALL('완료 체험단'!$K$4:$K$2000,INDEX($T$5:$T$16,$J25)+$K25-2),'완료 체험단'!$K$4:$K$2000,0),"")
B26: =IF($M26="H",$J26&"월",IF($M26="C","매장명",IF($M26="I",INDEX('완료 체험단'!$A$4:$A$2000,$N26),IF($M26="T","합계","")))) | C26: =IF($M26="H",$L26&"건",IF($M26="C","사이트",IF($M26="I",INDEX('완료 체험단'!$C$4:$C$2000,$N26),IF($M26="T",$L26&"건","")))) | D26: =IF($M26="C","방문일",IF($M26="I",INDEX('완료 체험단'!$D$4:$D$2000,$N26),"")) | E26: =IF($M26="H","제공금액 "&TEXT(INDEX($U$5:$U$16,$J26),"#,##0")&"원",IF($M26="C","제공금액",IF($M26="I",INDEX('완료 체험단'!$F$4:$F$2000,$N26),IF($M26="T",INDEX($U$5:$U$16,$J26),"")))) | F26: =IF($M26="H","결제금액 "&TEXT(INDEX($V$5:$V$16,$J26),"#,##0")&"원",IF($M26="C","결제금액",IF($M26="I",INDEX('완료 체험단'!$G$4:$G$2000,$N26),IF($M26="T",INDEX($V$5:$V$16,$J26),"")))) | G26: =IF($M26="H","실수익 "&TEXT(INDEX($W$5:$W$16,$J26),"#,##0")&"원",IF($M26="C","실수익",IF($M26="I",INDEX('완료 체험단'!$H$4:$H$2000,$N26),IF($M26="T",INDEX($W$5:$W$16,$J26),"")))) | I26: =ROWS(I$5:I26) -> 22 | J26: =IF($I26>$S$17,"",MATCH($I26-1,$S$5:$S$16,1)) | K26: =IF($J26="","",$I26-INDEX($S$5:$S$16,$J26)) | L26: =IF($J26="","",INDEX($Q$5:$Q$16,$J26)) | M26: =IF($J26="","",IF($K26=1,"H",IF($L26=0,"S",IF($K26=2,"C",IF($K26<=$L26+2,"I",IF($K26=$L26+3,"T","S")))))) | N26: =IF($M26="I",MATCH(SMALL('완료 체험단'!$K$4:$K$2000,INDEX($T$5:$T$16,$J26)+$K26-2),'완료 체험단'!$K$4:$K$2000,0),"")
B27: =IF($M27="H",$J27&"월",IF($M27="C","매장명",IF($M27="I",INDEX('완료 체험단'!$A$4:$A$2000,$N27),IF($M27="T","합계","")))) | C27: =IF($M27="H",$L27&"건",IF($M27="C","사이트",IF($M27="I",INDEX('완료 체험단'!$C$4:$C$2000,$N27),IF($M27="T",$L27&"건","")))) | D27: =IF($M27="C","방문일",IF($M27="I",INDEX('완료 체험단'!$D$4:$D$2000,$N27),"")) | E27: =IF($M27="H","제공금액 "&TEXT(INDEX($U$5:$U$16,$J27),"#,##0")&"원",IF($M27="C","제공금액",IF($M27="I",INDEX('완료 체험단'!$F$4:$F$2000,$N27),IF($M27="T",INDEX($U$5:$U$16,$J27),"")))) | F27: =IF($M27="H","결제금액 "&TEXT(INDEX($V$5:$V$16,$J27),"#,##0")&"원",IF($M27="C","결제금액",IF($M27="I",INDEX('완료 체험단'!$G$4:$G$2000,$N27),IF($M27="T",INDEX($V$5:$V$16,$J27),"")))) | G27: =IF($M27="H","실수익 "&TEXT(INDEX($W$5:$W$16,$J27),"#,##0")&"원",IF($M27="C","실수익",IF($M27="I",INDEX('완료 체험단'!$H$4:$H$2000,$N27),IF($M27="T",INDEX($W$5:$W$16,$J27),"")))) | I27: =ROWS(I$5:I27) -> 23 | J27: =IF($I27>$S$17,"",MATCH($I27-1,$S$5:$S$16,1)) | K27: =IF($J27="","",$I27-INDEX($S$5:$S$16,$J27)) | L27: =IF($J27="","",INDEX($Q$5:$Q$16,$J27)) | M27: =IF($J27="","",IF($K27=1,"H",IF($L27=0,"S",IF($K27=2,"C",IF($K27<=$L27+2,"I",IF($K27=$L27+3,"T","S")))))) | N27: =IF($M27="I",MATCH(SMALL('완료 체험단'!$K$4:$K$2000,INDEX($T$5:$T$16,$J27)+$K27-2),'완료 체험단'!$K$4:$K$2000,0),"")
B28: =IF($M28="H",$J28&"월",IF($M28="C","매장명",IF($M28="I",INDEX('완료 체험단'!$A$4:$A$2000,$N28),IF($M28="T","합계","")))) | C28: =IF($M28="H",$L28&"건",IF($M28="C","사이트",IF($M28="I",INDEX('완료 체험단'!$C$4:$C$2000,$N28),IF($M28="T",$L28&"건","")))) | D28: =IF($M28="C","방문일",IF($M28="I",INDEX('완료 체험단'!$D$4:$D$2000,$N28),"")) | E28: =IF($M28="H","제공금액 "&TEXT(INDEX($U$5:$U$16,$J28),"#,##0")&"원",IF($M28="C","제공금액",IF($M28="I",INDEX('완료 체험단'!$F$4:$F$2000,$N28),IF($M28="T",INDEX($U$5:$U$16,$J28),"")))) | F28: =IF($M28="H","결제금액 "&TEXT(INDEX($V$5:$V$16,$J28),"#,##0")&"원",IF($M28="C","결제금액",IF($M28="I",INDEX('완료 체험단'!$G$4:$G$2000,$N28),IF($M28="T",INDEX($V$5:$V$16,$J28),"")))) | G28: =IF($M28="H","실수익 "&TEXT(INDEX($W$5:$W$16,$J28),"#,##0")&"원",IF($M28="C","실수익",IF($M28="I",INDEX('완료 체험단'!$H$4:$H$2000,$N28),IF($M28="T",INDEX($W$5:$W$16,$J28),"")))) | I28: =ROWS(I$5:I28) -> 24 | J28: =IF($I28>$S$17,"",MATCH($I28-1,$S$5:$S$16,1)) | K28: =IF($J28="","",$I28-INDEX($S$5:$S$16,$J28)) | L28: =IF($J28="","",INDEX($Q$5:$Q$16,$J28)) | M28: =IF($J28="","",IF($K28=1,"H",IF($L28=0,"S",IF($K28=2,"C",IF($K28<=$L28+2,"I",IF($K28=$L28+3,"T","S")))))) | N28: =IF($M28="I",MATCH(SMALL('완료 체험단'!$K$4:$K$2000,INDEX($T$5:$T$16,$J28)+$K28-2),'완료 체험단'!$K$4:$K$2000,0),"")
B29: =IF($M29="H",$J29&"월",IF($M29="C","매장명",IF($M29="I",INDEX('완료 체험단'!$A$4:$A$2000,$N29),IF($M29="T","합계","")))) | C29: =IF($M29="H",$L29&"건",IF($M29="C","사이트",IF($M29="I",INDEX('완료 체험단'!$C$4:$C$2000,$N29),IF($M29="T",$L29&"건","")))) | D29: =IF($M29="C","방문일",IF($M29="I",INDEX('완료 체험단'!$D$4:$D$2000,$N29),"")) | E29: =IF($M29="H","제공금액 "&TEXT(INDEX($U$5:$U$16,$J29),"#,##0")&"원",IF($M29="C","제공금액",IF($M29="I",INDEX('완료 체험단'!$F$4:$F$2000,$N29),IF($M29="T",INDEX($U$5:$U$16,$J29),"")))) | F29: =IF($M29="H","결제금액 "&TEXT(INDEX($V$5:$V$16,$J29),"#,##0")&"원",IF($M29="C","결제금액",IF($M29="I",INDEX('완료 체험단'!$G$4:$G$2000,$N29),IF($M29="T",INDEX($V$5:$V$16,$J29),"")))) | G29: =IF($M29="H","실수익 "&TEXT(INDEX($W$5:$W$16,$J29),"#,##0")&"원",IF($M29="C","실수익",IF($M29="I",INDEX('완료 체험단'!$H$4:$H$2000,$N29),IF($M29="T",INDEX($W$5:$W$16,$J29),"")))) | I29: =ROWS(I$5:I29) -> 25 | J29: =IF($I29>$S$17,"",MATCH($I29-1,$S$5:$S$16,1)) | K29: =IF($J29="","",$I29-INDEX($S$5:$S$16,$J29)) | L29: =IF($J29="","",INDEX($Q$5:$Q$16,$J29)) | M29: =IF($J29="","",IF($K29=1,"H",IF($L29=0,"S",IF($K29=2,"C",IF($K29<=$L29+2,"I",IF($K29=$L29+3,"T","S")))))) | N29: =IF($M29="I",MATCH(SMALL('완료 체험단'!$K$4:$K$2000,INDEX($T$5:$T$16,$J29)+$K29-2),'완료 체험단'!$K$4:$K$2000,0),"")
... B654: =IF($M654="H",$J654&"월",IF($M654="C","매장명",IF($M654="I",INDEX('완료 체험단'!$A$4:$A$2000,$N654),IF($M654="T","합계","")))) | C654: =IF($M654="H",$L654&"건",IF($M654="C","사이트",IF($M654="I",INDEX('완료 체험단'!$C$4:$C$2000,$N654),IF($M654="T",$L654&"건","")))) | D654: =IF($M654="C","방문일",IF($M654="I",INDEX('완료 체험단'!$D$4:$D$2000,$N654),"")) | E654: =IF($M654="H","제공금액 "&TEXT(INDEX($U$5:$U$16,$J654),"#,##0")&"원",IF($M654="C","제공금액",IF($M654="I",INDEX('완료 체험단'!$F$4:$F$2000,$N654),IF($M654="T",INDEX($U$5:$U$16,$J654),"")))) | F654: =IF($M654="H","결제금액 "&TEXT(INDEX($V$5:$V$16,$J654),"#,##0")&"원",IF($M654="C","결제금액",IF($M654="I",INDEX('완료 체험단'!$G$4:$G$2000,$N654),IF($M654="T",INDEX($V$5:$V$16,$J654),"")))) | G654: =IF($M654="H","실수익 "&TEXT(INDEX($W$5:$W$16,$J654),"#,##0")&"원",IF($M654="C","실수익",IF($M654="I",INDEX('완료 체험단'!$H$4:$H$2000,$N654),IF($M654="T",INDEX($W$5:$W$16,$J654),"")))) | I654: =ROWS(I$5:I654) -> 650 | J654: =IF($I654>$S$17,"",MATCH($I654-1,$S$5:$S$16,1)) | K654: =IF($J654="","",$I654-INDEX($S$5:$S$16,$J654)) | L654: =IF($J654="","",INDEX($Q$5:$Q$16,$J654)) | M654: =IF($J654="","",IF($K654=1,"H",IF($L654=0,"S",IF($K654=2,"C",IF($K654<=$L654+2,"I",IF($K654=$L654+3,"T","S")))))) | N654: =IF($M654="I",MATCH(SMALL('완료 체험단'!$K$4:$K$2000,INDEX($T$5:$T$16,$J654)+$K654-2),'완료 체험단'!$K$4:$K$2000,0),"")

Sheet 진행중 체험단
A1: 진행중 체험단
A2: ※ 진행중인 체험단을 입력하는 시트입니다. 정산 리포트에는 반영되지 않으며, 완료되면 '완료 체험단' 시트로 옮겨집니다. (아래 2건은 예시)
A3: 매장명 | B3: 상태 | C3: 사이트 | D3: 방문일 | E3: 마감일 | F3: 제공금액 | G3: 결제금액 | H3: 실수익 | I3: 비고
A4: 예시_진행중 체험단1 | B4: 방문예약 | C4: 레뷰 | D4: 46331 | E4: 46346 | F4: 40000 | G4: 0 | H4: =IF(F4="","",F4-G4) -> 40000
A5: 예시_진행중 체험단2 | B5: 방문완료 | C5: 리뷰노트 | D5: 46325 | E5: 46338 | F5: 30000 | G5: 2000 | H5: =IF(F5="","",F5-G5) -> 28000
H6: =IF(F6="","",F6-G6)
H7: =IF(F7="","",F7-G7)
H8: =IF(F8="","",F8-G8)
H9: =IF(F9="","",F9-G9)
H10: =IF(F10="","",F10-G10)
H11: =IF(F11="","",F11-G11)
H12: =IF(F12="","",F12-G12)
H13: =IF(F13="","",F13-G13)
H14: =IF(F14="","",F14-G14)
H15: =IF(F15="","",F15-G15)
H16: =IF(F16="","",F16-G16)
H17: =IF(F17="","",F17-G17)
... H2000: =IF(F2000="","",F2000-G2000)

Sheet 완료 체험단
A1: 완료 체험단
A2: ※ A~G열, I열에 입력하면 대시보드·수익 세부내역이 자동 계산됩니다. H열(실수익)은 자동 계산, K열(숨김)은 계산용입니다. (최대 1,997건)
A3: 매장명 | B3: 상태 | C3: 사이트 | D3: 방문일 | E3: 마감일 | F3: 제공금액 | G3: 결제금액 | H3: 실수익 | I3: 비고 | K3: 정렬키(자동)
A4: 예시_완료된 체험단1 | B4: 제출 | C4: 레뷰 | D4: 46310 | E4: 46325 | F4: 100000 | G4: 10000 | H4: =IF(F4="","",F4-G4) -> 90000 | I4: 정산완료 | K4: =IF(ISNUMBER($D4),IF(YEAR($D4)=대시보드!$C$2,$D4+ROW()/100000,""),"") -> 46310
A5: 예시_완료된 체험단2 | B5: 제출 | C5: 리뷰노트 | D5: 46299 | E5: 46290 | F5: 25000 | G5: 0 | H5: =IF(F5="","",F5-G5) -> 25000 | I5: 정산완료 | K5: =IF(ISNUMBER($D5),IF(YEAR($D5)=대시보드!$C$2,$D5+ROW()/100000,""),"") -> 46299
H23: =IF(F23="","",F23-G23) | K23: =IF(ISNUMBER($D23),IF(YEAR($D23)=대시보드!$C$2,$D23+ROW()/100000,""),"")
H24: =IF(F24="","",F24-G24) | K24: =IF(ISNUMBER($D24),IF(YEAR($D24)=대시보드!$C$2,$D24+ROW()/100000,""),"")
H25: =IF(F25="","",F25-G25) | K25: =IF(ISNUMBER($D25),IF(YEAR($D25)=대시보드!$C$2,$D25+ROW()/100000,""),"")
H26: =IF(F26="","",F26-G26) | K26: =IF(ISNUMBER($D26),IF(YEAR($D26)=대시보드!$C$2,$D26+ROW()/100000,""),"")
H27: =IF(F27="","",F27-G27) | K27: =IF(ISNUMBER($D27),IF(YEAR($D27)=대시보드!$C$2,$D27+ROW()/100000,""),"")
H28: =IF(F28="","",F28-G28) | K28: =IF(ISNUMBER($D28),IF(YEAR($D28)=대시보드!$C$2,$D28+ROW()/100000,""),"")
H29: =IF(F29="","",F29-G29) | K29: =IF(ISNUMBER($D29),IF(YEAR($D29)=대시보드!$C$2,$D29+ROW()/100000,""),"")
H30: =IF(F30="","",F30-G30) | K30: =IF(ISNUMBER($D30),IF(YEAR($D30)=대시보드!$C$2,$D30+ROW()/100000,""),"")
H31: =IF(F31="","",F31-G31) | K31: =IF(ISNUMBER($D31),IF(YEAR($D31)=대시보드!$C$2,$D31+ROW()/100000,""),"")
H32: =IF(F32="","",F32-G32) | K32: =IF(ISNUMBER($D32),IF(YEAR($D32)=대시보드!$C$2,$D32+ROW()/100000,""),"")
H33: =IF(F33="","",F33-G33) | K33: =IF(ISNUMBER($D33),IF(YEAR($D33)=대시보드!$C$2,$D33+ROW()/100000,""),"")
H34: =IF(F34="","",F34-G34) | K34: =IF(ISNUMBER($D34),IF(YEAR($D34)=대시보드!$C$2,$D34+ROW()/100000,""),"")
... H2000: =IF(F2000="","",F2000-G2000) | K2000: =IF(ISNUMBER($D2000),IF(YEAR($D2000)=대시보드!$C$2,$D2000+ROW()/100000,""),"")
